{
 "0.5": {
  "kl": 0.8103470206260681,
  "agree": 0.2392578125,
  "posslot": 1.0
 },
 "0.8": {
  "kl": 3.773451328277588,
  "agree": 0.09423828125,
  "posslot": 1.0
 },
 "0.9": {
  "kl": 7.687721252441406,
  "agree": 0.0244140625,
  "posslot": 1.0
 },
 "0.95": {
  "kl": 14.570560455322266,
  "agree": 0.0068359375,
  "posslot": 1.0
 },
 "0.98": {
  "kl": 15.153779029846191,
  "agree": 0.00048828125,
  "posslot": 1.0
 },
 "0.99": {
  "kl": 15.306325912475586,
  "agree": 0.0,
  "posslot": 1.0
 }
}