{
 "baseline": 0.6532484076433122,
 "quant": {
  "14": {
   "acc": 0.65171974522293,
   "agree": 0.9864968152866243
  },
  "12": {
   "acc": 0.6532484076433122,
   "agree": 0.947515923566879
  },
  "10": {
   "acc": 0.4101910828025478,
   "agree": 0.47235668789808916
  },
  "8": {
   "acc": 0.0,
   "agree": 0.0
  },
  "6": {
   "acc": 0.0,
   "agree": 0.0
  },
  "4": {
   "acc": 0.0,
   "agree": 0.00025477707006369424
  },
  "3": {
   "acc": 0.0,
   "agree": 0.00025477707006369424
  },
  "2": {
   "acc": 0.0,
   "agree": 0.00025477707006369424
  }
 },
 "prune": {
  "0.5": {
   "acc": 0.5235668789808917,
   "agree": 0.640764331210191
  },
  "0.8": {
   "acc": 0.10292993630573248,
   "agree": 0.09121019108280255
  },
  "0.9": {
   "acc": 0.0,
   "agree": 0.00025477707006369424
  },
  "0.95": {
   "acc": 0.0,
   "agree": 0.0
  },
  "0.98": {
   "acc": 0.0,
   "agree": 0.0
  }
 }
}